0,1,0,"
Stayed in the hotel for 10 days..awesome experience..excellent food and great ambience..rooms and room service are great..i really liked the place..
",stayed hotel 10 days..awesome experience..excellent food great ambience..rooms room service great..i really liked place..,Positive
1,2,0,"
hospitality is remakable, service is good,food served is fresh,menu price is not too high and the quantity is more than sufficient.
","hospitality remakable , service good , food served fresh , menu price high quantity sufficient .",Positive
2,3,0,"
If you have work in East Delhi then it is a very good hotel at reasonable tariff.",work east delhi good hotel reasonable tariff .,Positive
3,3,0,"Even you can easily organise family parties as well.
",even easily organise family parties well .,Positive
4,4,0,"
Stayed here over a night last year.",stayed night last year .,Neutral
5,4,0,Decent hotel with all basic amenities available.,decent hotel basic amenities available .,Positive
6,4,0,The rooms were surprisingly bigger than expected.,rooms surprisingly bigger expected .,Negative
7,4,0,"Good bed, bathroom, & nice view available.","good bed , bathroom , & nice view available .",Positive
8,4,0,Cons about the room are the carpets which were very old and dirty.,cons room carpets old dirty .,Negative
9,4,0,"The hotel is a brand now, so you can expect a fair crowd all the time.","hotel brand , expect fair crowd time .",Positive
10,4,0,"The buffet dinner&Bf were good; could improve a bit on the sweeter side of menu.Another annoying thing i had was waiting for fresh juice, we had to stand in queue; as there machine was primitive.Nothing much happening outside,its kind of in middle of nowhere.","buffet dinner & bf good ; could improve bit sweeter side menu.another annoying thing waiting fresh juice , stand queue ; machine primitive.nothing much happening outside , kind middle nowhere .",Positive
11,4,0,The hotel has a pool side bar/restaurant.,hotel pool side bar/restaurant .,Neutral
12,4,0,"All in all a nice hotel,would recommend it for sure.
","nice hotel , would recommend sure .",Positive
13,5,0,"
I stayed at this hotel this Saturday with my wife.",stayed hotel saturday wife .,Neutral
14,5,0,"Upon reaching the hotel, the receptionist told me that the room allotment would take time since the guests were about to check out.","upon reaching hotel , receptionist told room allotment would take time since guests check .",Neutral
15,5,0,On my request they allotted me a room as fast as they could.,request allotted room fast could .,Positive
16,5,0,"The room was very nice, big and had all the facilities.","room nice , big facilities .",Positive
17,5,0,It was very clean and tidy.,clean tidy .,Positive
18,5,0,In fact it was one of the best rooms I have stayed at that price.,fact one best rooms stayed price .,Positive
19,5,0,"The hotel has a lot of eating options like Tatva which is their a la carte restaurant, 64/6 which is a buffet restaurant, Cafe J for those coffee and pastry cravings, and Kebab Factory.","hotel lot eating options like tatva la carte restaurant , 64/6 buffet restaurant , cafe j coffee pastry cravings , kebab factory .",Neutral
20,5,0,They also have a pool side restaurant called 3B's.,also pool side restaurant called 3b .,Neutral
21,5,0,Overall a good experience staying at this property.,overall good experience staying property .,Positive
22,5,0,"Only one thing that they should be able to manage their reception area well as it gets really very crowded and chaotic especially due to the functions and parties that happen in this hotel.
",one thing able manage reception area well gets really crowded chaotic especially due functions parties happen hotel .,Positive
23,6,0,"
Staff are not courteous, they pretend that they didn't listen you.Food is OK.Variety is too much.It is only vegetarian.
","staff courteous , pretend n't listen you.food ok.variety much.it vegetarian .",Negative
24,7,0,"
It was a great hotel and great worth for money.The hotel has a nice ambiance and has really great rooms.
",great hotel great worth money.the hotel nice ambiance really great rooms .,Positive
25,8,0,"
excellent presentation of starters, varieties of meal, quick services & cozy environment.But my family like so much because of its vegetarian preparation only.
","excellent presentation starters , varieties meal , quick services & cozy environment.but family like much vegetarian preparation .",Positive
26,9,0,"
I was amazed by their service and cleanliness.",amazed service cleanliness .,Neutral
27,9,0,I had attended a family function at the dinner time.,attended family function dinner time .,Neutral
28,9,-1,The preparation and the taste of the food was excellent.,preparation taste food excellent .,Positive
29,9,0,All items in the dinner were superb.,items dinner superb .,Positive
30,9,0,"The services was good.
",services good .,Positive
31,10,2,"
We ordered 3Bs snacks platter...",ordered 3bs snacks platter ...,Neutral
32,10,0,The plate was so huge that the portions looked tiny on it.,plate huge portions looked tiny .,Positive
33,10,0,I laughed inside seeing what blunder are they making.Saturdays are Sufi nights here.,laughed inside seeing blunder making.saturdays sufi nights .,Positive
34,10,0,They have virtual DJ and soothing music.,virtual dj soothing music .,Neutral
35,10,-1,It nice place to visit if you ignore the food which is not so great so is the service.,nice place visit ignore food great service .,Positive
36,10,0,"Recommended to experience the feel of the restaurant.Food 2/5Ambiance 4.5/5Service 3/5Value for money 3.5/5 ( 3.5 because of the ambiance)
",recommended experience feel restaurant.food 2/5ambiance 4.5/5service 3/5value money 3.5/5 ( 3.5 ambiance ),Neutral
37,11,0,"
Dear traveler, this hotel is not for non vegans....but for vegans and Jain food lovers its a boon.","dear traveler , hotel non vegans ... vegans jain food lovers boon .",Neutral
38,11,0,The hotel is a bit big for ghaziabad region.,hotel bit big ghaziabad region .,Neutral
39,11,0,Service is good as usual.,service good usual .,Positive
40,11,0,The parking lot is congested.,parking lot congested .,Neutral
41,11,0,Location wise the hotel is situated in a prime area.,location wise hotel situated prime area .,Positive
42,11,0,"Access to Newdelhi, noida and greater noida is good.","access newdelhi , noida greater noida good .",Positive
43,11,0,There are malls and other restaurants near by.,malls restaurants near .,Negative
44,11,0,Now for business this hotel has a well equipped conference rooms and banquet halls.,business hotel well equipped conference rooms banquet halls .,Neutral
45,11,-1,The restaurant and the dining area is on the sub ground level.,restaurant dining area sub ground level .,Neutral
46,11,0,The vegan delicacies prepared by the kitchen is fabulous.,vegan delicacies prepared kitchen fabulous .,Positive
47,11,-1,I personally astonished seeing the vegetarian menu.,personally astonished seeing vegetarian menu .,Neutral
48,11,-1,The dishes from all around the sub continent is served at is perfection.,dishes around sub continent served perfection .,Neutral
49,11,-1,Price is affordable for business related travelers.,price affordable business related travelers .,Neutral
50,11,0,Standard room starts from 3800+ taxes per day.,standard room starts 3800+ taxes per day .,Neutral
51,11,0,This is the 1st star rated vegetarian hotel on India.,1st star rated vegetarian hotel india .,Neutral
52,11,0,"Enjoy your stay.
",enjoy stay .,Positive
53,12,0,"
On check-in I was upgraded to a suite room which got me excited.",check-in upgraded suite room got excited .,Positive
54,12,0,"On entering my room, it was nice ie typical of a five star.","entering room , nice ie typical five star .",Positive
55,12,0,The disappointing part was the bathroom.,disappointing part bathroom .,Negative
56,12,0,There was no water pressure in the taps or the shower.,water pressure taps shower .,Neutral
57,12,0,Hot water was practically not flowing.,hot water practically flowing .,Positive
58,12,0,Not expected from carlson or any give star and that to in a suite room.I waited for morning hoping the master would be resolved .,expected carlson give star suite room.i waited morning hoping master would resolved .,Positive
59,12,0,I then called house keeping who promptly came to the room.,called house keeping promptly came room .,Neutral
60,12,0,"Checked all the faucets, acknowledged the problem and disappeared.","checked faucets , acknowledged problem disappeared .",Neutral
61,12,0,Since I was in a the morning rush I had no choice but to take a bath in the dripping water shower and move on.,since morning rush choice take bath dripping water shower move .,Neutral
62,12,0,The breakfast area was also very messy.,breakfast area also messy .,Negative
63,12,0,There was a big crowd from a wedding previous evening and the staff had lost interest to serve any guest sitting on tables.,big crowd wedding previous evening staff lost interest serve guest sitting tables .,Negative
64,12,0,"These incidents kill the charm of staying in a five star hotel. 
",incidents kill charm staying five star hotel .,Neutral
65,13,0,"
It is one of the few Vegetarian Five star Hotel you can find in Delhi -NCR.",one vegetarian five star hotel find delhi -ncr .,Negative
66,13,0,"Ambiance is good and well connected and easily located.One must try the Buffet which gives you and your family so much choice that you will wonder why this place was not visited earlier
",ambiance good well connected easily located.one must try buffet gives family much choice wonder place visited earlier,Positive
67,14,0,"
Staff is very good, rooms are clean and room service is also good.","staff good , rooms clean room service also good .",Positive
68,14,0,"The restaurant also have the good taste and quality food.
",restaurant also good taste quality food .,Positive
69,15,0,"
I have stayed there for 10 days.",stayed 10 days .,Neutral
70,15,0,Summarizing it in short.,summarizing short .,Neutral
71,15,0,"Room excellent, food is excellent.","room excellent , food excellent .",Positive
72,15,0,"If you are vegetarian, then its awesome.","vegetarian , awesome .",Positive
73,15,0,"""If you are looking for non-veg, WRONG Hotel"".","`` looking non-veg , wrong hotel '' .",Negative
74,15,0,"Service is all good, very polite and caring as well.","service good , polite caring well .",Positive
75,15,0,Dining area is one of its best.,dining area one best .,Positive
76,15,2,What really lacking the courtesy !!,really lacking courtesy ! !,Positive
77,15,0,"Let me share, what has happened with me.","let share , happened .",Neutral
78,15,0,"I wanted to extend my stay for couple of more weeks, as I alread stayed for 10 days there, and I started liking it.","wanted extend stay couple weeks , alread stayed 10 days , started liking .",Positive
79,15,0,"They told me "" Sir, there is no room available for next two days, We can give you after that.","told `` sir , room available next two days , give .",Positive
80,15,0,"For next days, kindly arrange other stay"".","next days , kindly arrange stay '' .",Positive
81,15,0,"When I asked, where I will go for two days, why can't they arrange for me.","asked , go two days , ca n't arrange .",Neutral
82,15,0,"They said "" Sir, Rooms are all booked, and I cannot arrange your stay for next two days, You have to it by yourself , I am sorry for the inconvenience caused.""","said `` sir , rooms booked , arrange stay next two days , , sorry inconvenience caused . ''",Negative
83,15,-1,What am I supposed to do now ??,supposed ? ?,Neutral
84,15,0,I checked out and then I didn't come back to hotel.,checked n't come back hotel .,Neutral
85,15,-1,This is how you treat your customer ??,treat customer ? ?,Neutral
86,15,0,"Right after two days, there duty manager called me up and said "" Your reservation has been made, Are you coming "".","right two days , duty manager called said `` reservation made , coming `` .",Positive
87,15,0,I gave him the nice reply.,gave nice reply .,Positive
88,15,0,"One of the ugliest reception with such a helpless attitude, I have ever seen.","one ugliest reception helpless attitude , ever seen .",Neutral
89,15,0,"If you are really looking for materialistic thing, better go there.","really looking materialistic thing , better go .",Positive
90,15,0,"If you are looking for hotel with friendly and helping environment, go to some other hotel.","looking hotel friendly helping environment , go hotel .",Positive
91,15,0,"Still giving 3 star for infrastructure they maintain.
",still giving 3 star infrastructure maintain .,Neutral
92,16,0,"
Though in outskirts of delhi, but very special place, with an excellent restaurent 64/7, a surprisingly all vegetarians.","though outskirts delhi , special place , excellent restaurent 64/7 , surprisingly vegetarians .",Positive
93,16,0,Hotel has some good facilities to leverage on stay.,hotel good facilities leverage stay .,Positive
94,16,0,"economical and sensible luxury stay
",economical sensible luxury stay,Positive
95,17,0,"
I had breakfast.",breakfast .,Neutral
96,17,2,"Great food, amazing variety and very tempting to eat it all.","great food , amazing variety tempting eat .",Positive
97,17,0,"The service is good, but could be faster.","service good , could faster .",Positive
98,17,0,"Plan for a 35-45 minutes time frame, if you wish to enjoy the food.
","plan 35-45 minutes time frame , wish enjoy food .",Positive
99,18,0,"
I booked this place for my parents and family members and paid advance with instructions to not take any payment from anyone despite my request the reception staff was so much bothered and ask me to pay at the time of check out it was really a huge embarrassment for guest I know almost all hotels in delhi NCr all five star hotels don't do such kind of thing but this play is pathetic
",booked place parents family members paid advance instructions take payment anyone despite request reception staff much bothered ask pay time check really huge embarrassment guest know almost hotels delhi ncr five star hotels n't kind thing play pathetic,Positive
100,19,0,"
The best thing about the hotel is it's vegetarian cuisine.",best thing hotel vegetarian cuisine .,Positive
101,19,0,Non vegetarian will be sad but the quality they serve is amazing.Rooms are good.,non vegetarian sad quality serve amazing.rooms good .,Positive
102,19,0,Batthroom looked a bit odd though.,batthroom looked bit odd though .,Negative
103,19,0,Staff was good.,staff good .,Positive
104,19,0,Location wise also I feel the hotel is good.,location wise also feel hotel good .,Positive
105,19,0,I would definitely suggest the hotel to every vegetarian tourists and ask mom vegetarians to give it a try.,would definitely suggest hotel every vegetarian tourists ask mom vegetarians give try .,Neutral
106,19,0,Pool side area is beautiful.,pool side area beautiful .,Positive
107,19,0,They serve you liquor and sheesha.,serve liquor sheesha .,Neutral
108,19,-1,a must visit place.,must visit place .,Neutral
109,19,0,"Music they play will force you too shake your booty. 
",music play force shake booty .,Neutral
110,20,0,"
I stayed at this hotel.",stayed hotel .,Neutral
111,20,0,Hotel provides a huge buffet with large variety.,hotel provides huge buffet large variety .,Positive
112,20,0,The important thing that they charge very less.,important thing charge less .,Positive
113,20,0,"Rooms are good, but while booking try to ask for pool side view.","rooms good , booking try ask pool side view .",Positive
114,20,0,Pool side restaurant is marvelous.,pool side restaurant marvelous .,Positive
115,20,0,Staff is good.,staff good .,Positive
116,20,0,"Rooms are good, Room service is also good but I was surprised that they do not keep bottle opener in the room.","rooms good , room service also good surprised keep bottle opener room .",Positive
117,20,0,Every time when you need to open the bottle they will send a boy to open it.,every time need open bottle send boy open .,Neutral
118,20,0,"If you open four bottle in different intervals than four time the boy will knock ur door.One thing is sure that every one will like its Veg Buffet.
",open four bottle different intervals four time boy knock ur door.one thing sure every one like veg buffet .,Positive
119,21,0,"
I went here for the office conference.",went office conference .,Neutral
120,21,0,The halls and the ambience is really remarkable.,halls ambience really remarkable .,Positive
121,21,0,It is very nice in every sense.,nice every sense .,Positive
122,21,0,"It is very good place to stay and enjoy good food.
",good place stay enjoy good food .,Positive
123,22,0,"
Best Buffet in Ghaziabad.",best buffet ghaziabad .,Positive
124,22,0,Good Ambience and very supportive staff.,good ambience supportive staff .,Positive
125,22,0,Spread in Lunch range from Continental to South Indian.,spread lunch range continental south indian .,Neutral
126,22,0,"Desserts were excellent.
",desserts excellent .,Positive
127,23,2,"
affordable.... pleasant.... awsumm...... nice location...... tasty food...... simply awsumm....... will be going there again for a meal
",affordable ... . pleasant ... . awsumm ... ... nice location ... ... tasty food ... ... simply awsumm ... ... . going meal,Positive
128,24,0,"
One of the best destination for marriages, receptions having ample rooms and parking area, Perfect location what else you need the most important thing is Food I can rate it the best vegetarian food ever had with all the latest styles and presentations.
","one best destination marriages , receptions ample rooms parking area , perfect location else need important thing food rate best vegetarian food ever latest styles presentations .",Positive
129,25,0,"
Reason of my tittle new life is because I got married in this hotel only and started my new life from here.",reason tittle new life got married hotel started new life .,Positive
130,25,0,"The experience was luxurious, warm, outstanding and everything was up to mark, It felt like we were at our home due to over whelming warmth and cooperation of hotel staff.","experience luxurious , warm , outstanding everything mark , felt like home due whelming warmth cooperation hotel staff .",Positive
131,25,0,"I really would take a minute and want to thank all of the hotel staff to make my big day so pleasant and memorable.
",really would take minute want thank hotel staff make big day pleasant memorable .,Positive
132,26,0,"
Hotel is very nice.",hotel nice .,Positive
133,26,0,Rooms are big.,rooms big .,Neutral
134,26,0,Breakfast are very good.,breakfast good .,Positive
135,26,0,Its a complete five star veg hotels.,complete five star veg hotels .,Positive
136,26,0,"Ambiance is nice and good hotel for family.
",ambiance nice good hotel family .,Positive
137,27,0,"
It was a wonderful experience to stay there..The most beautiful thing about this hotel is that it has a pure vegetarian restaurant...The food was awesome, no words to explain...Pasta was out of the world..Overall, It was very beautiful experience at country Inn..
","wonderful experience stay there..the beautiful thing hotel pure vegetarian restaurant ... food awesome , words explain ... pasta world..overall , beautiful experience country inn..",Positive
138,28,0,"
I've stayed here couple of times.",ve stayed couple times .,Neutral
139,28,0,You wanna why this is the worst hotel ever visited.,wan na worst hotel ever visited .,Negative
140,28,0,1.),1 . ),Neutral
141,28,0,not sure whether a.c. Will work or not2.),sure whether a.c. work not2 . ),Negative
142,28,0,"then further, staff will not listen to your complaints3.)",", staff listen complaints3 . )",Neutral
143,28,0,"if you are an early riser, do not remove curtains.","early riser , remove curtains .",Positive
144,28,0,Because dirty glasses of windows can spoil your mood.4.),dirty glasses windows spoil mood.4 . ),Negative
145,28,0,worst coffee shop ever visited with stale parties.5.),worst coffee shop ever visited stale parties.5 . ),Negative
146,28,0,"location is very bad tooToday disappointed.
",location bad tootoday disappointed .,Negative
147,29,2,"
What a food kudos chef ......... best options for Vegetarian Delight but they lack only in one thing that is standerd seems like you are dining in road side as too much rush seems a Machali Bazaar but never the less everything has been overcome by the delicious treat offered by the Chef.......Chef Muah........ Ma Ma Mia....
",food kudos chef ... ... ... best options vegetarian delight lack one thing standerd seems like dining road side much rush seems machali bazaar never less everything overcome delicious treat offered chef ... ... chef muah ... ... .. ma ma mia ... .,Positive
148,30,0,"
I would give 5 star rating in business budget hotels to this hotel.",would give 5 star rating business budget hotels hotel .,Neutral
149,30,0,I have been to this hotel several time.,hotel several time .,Neutral
150,30,0,and have enjoyed a lot with my friends.,enjoyed lot friends .,Positive
151,30,0,Good option for get together with friends when you don't have much budget in hand for party.,good option get together friends n't much budget hand party .,Positive
152,30,0,"Go and arrange the party in this hotel.
",go arrange party hotel .,Neutral
153,31,0,"
Last October I stayed for three nights in this nice hotel.The room was very complete, modern and nice decorated.Also the hotel and the room was very clean.One aspect you need to take into account, the different good restaurants in the hotel are only serving vegetarian food.So if you are eager to have meat for dinner, than I should choose another hotel.
","last october stayed three nights nice hotel.the room complete , modern nice decorated.also hotel room clean.one aspect need take account , different good restaurants hotel serving vegetarian food.so eager meat dinner , choose another hotel .",Positive
154,32,0,"
Although it's a 5 star hotel,they don't provide any 5 star service.","although 5 star hotel , n't provide 5 star service .",Neutral
155,32,0,Service is same as that is provided by an average 3 star hotel.,service provided average 3 star hotel .,Negative
156,32,0,Food is highly expensive and not up to the mark and taste is also not good.,food highly expensive mark taste also good .,Negative
157,32,0,"During my stay for two nights,I didn't receive any news paper to read or iron to press my cloths.","stay two nights , n't receive news paper read iron press cloths .",Neutral
158,32,0,"Breakfast is good though.
",breakfast good though .,Positive
159,33,0,"
Best 5 star veg hotel in ncr.",best 5 star veg hotel ncr .,Positive
160,33,0,Nice buffet diner with uncountable varieties.Room are very good size adequate.,nice buffet diner uncountable varieties.room good size adequate .,Positive
161,33,0,Pool side dinner not value for money.,pool side dinner value money .,Neutral
162,33,0,"Club is nice to visit
",club nice visit,Positive
163,34,1,"
We have been to CIS many times and buffet out there is huge and it's value for money.",cis many times buffet huge value money .,Positive
164,34,0,"They serve Indian, Chinese, continental, South Indian, Gujrati.","serve indian , chinese , continental , south indian , gujrati .",Neutral
165,34,2,This is only restaurant where I have seen such huge variety in buffet.,restaurant seen huge variety buffet .,Positive
166,34,0,I love their pasta counter and yummy chats.,love pasta counter yummy chats .,Positive
167,34,0,Best thing is there sweet section which is awesome.,best thing sweet section awesome .,Positive
168,34,0,"Cakes, puddings, Indian sweets, ice creams.","cakes , puddings , indian sweets , ice creams .",Neutral
169,34,0,I just can't have enough of it.,ca n't enough .,Neutral
170,34,0,"Staff is courteous and service is fast though you would like to go and see what all options a there.Only draw back is its vegetarian hotel.
",staff courteous service fast though would like go see options there.only draw back vegetarian hotel .,Positive
171,35,0,"
I was attending seminar conducted at country Inn, Sahibadab and after getting it over i have a lunch there and the taste of food and service was very appreciable..
","attending seminar conducted country inn , sahibadab getting lunch taste food service appreciable..",Positive
172,36,0,"
Country Inn & Suites by Carlson, Sahibabad is one of few 5 star hotels in Ghaziabad!","country inn & suites carlson , sahibabad one 5 star hotels ghaziabad !",Negative
173,36,2,I have visited it 2-3 times!,visited 2-3 times !,Neutral
174,36,0,It is located at a perfect location of Sahibabad.,located perfect location sahibabad .,Positive
175,36,2,The food is amazing here!,food amazing !,Positive
176,36,0,Also the rooms and service is also good!,also rooms service also good !,Positive
177,36,0,"Costly as it is a Five star.
",costly five star .,Neutral
178,37,0,"
In Ghaziabad it is one of the best options available, its proximity to Metro Station adds to the comfort.","ghaziabad one best options available , proximity metro station adds comfort .",Positive
179,37,0,The rooms are good but some are not that well maintained.,rooms good well maintained .,Positive
180,37,0,Take the rooms near the Elevator else you might have to walk a lot.,take rooms near elevator else might walk lot .,Positive
181,37,0,The staff are ok but you expect better from them.,staff ok expect better .,Positive
182,37,0,I have been here several times but this was once of the disappointing trips.,several times disappointing trips .,Negative
183,37,0,Felt they were not prepared to manage such a rush.,felt prepared manage rush .,Neutral
184,37,0,Especially I felt horrible during breakfast where in I had to struggle even to get water.,especially felt horrible breakfast struggle even get water .,Negative
185,37,0,"So I suggest if its a marriage season, check with hotel if they are overbooked and if they are then you might just avoid this.
","suggest marriage season , check hotel overbooked might avoid .",Neutral
186,38,2,"
The place is nice and serves tasty food.",place nice serves tasty food .,Positive
187,38,0,"It does not have the best 5 star restaurants in the capital but they aren't bad either and the food is fairly delicious
",best 5 star restaurants capital n't bad either food fairly delicious,Positive
188,39,0,"
best food in Country Inn & Suites by Carlson, Sahibabad recently had a good buffet lunch here & taste was just superb.","best food country inn & suites carlson , sahibabad recently good buffet lunch & taste superb .",Positive
189,39,0,"Totally satisfies with the service they offer.
",totally satisfies service offer .,Neutral
190,40,0,"
We stayed for a day at this place.",stayed day place .,Neutral
191,40,0,"As the check in was little delayed and it was our anniversary, the hotel treated us with a sumptuous cake!","check little delayed anniversary , hotel treated us sumptuous cake !",Negative
192,40,-1,We had buffet lunch in their restaurant.,buffet lunch restaurant .,Neutral
193,40,2,The spread of buffer kind of amazed me!,spread buffer kind amazed !,Positive
194,40,1,I am ready to bet that nobody can even taste all the dishes in one visit!,ready bet nobody even taste dishes one visit !,Positive
195,40,0,"The soups, starters, main course, cold drinks, juices, desserts are simply awesome!","soups , starters , main course , cold drinks , juices , desserts simply awesome !",Positive
196,40,-1,If you are lucky you might even spot an offer on some website!,lucky might even spot offer website !,Positive
197,40,-1,Worth each penny!,worth penny !,Positive
198,40,2,"Do visit on a special occasion for a hearty meal!
",visit special occasion hearty meal !,Positive
199,41,2,"
its totally veg resturent cleaniness is priorty here owner is jainpeople its on road side of sahibabad close to lot of shopping mall
",totally veg resturent cleaniness priorty owner jainpeople road side sahibabad close lot shopping mall,Neutral
200,42,0,"
To begin with let me put the expectations straight.",begin let put expectations straight .,Positive
201,42,0,I've only tried the breakfast buffet at this hotel and hence the rating provided here confines to those boundaries only.,ve tried breakfast buffet hotel hence rating provided confines boundaries .,Neutral
202,42,0,No way I'm commenting on the stay and comfort guidelines.Seldom do you find restaurants doing justice to its vegetarian audience and in case of Country Inn and Suites the experience will be beyond expectation.,way m commenting stay comfort guidelines.seldom find restaurants justice vegetarian audience case country inn suites experience beyond expectation .,Neutral
203,42,0,"They by far, serve the best breakfast buffets in NCR and the variety is countless.Reach out early, grab a seat and you are in for a mouth watering experience.","far , serve best breakfast buffets ncr variety countless.reach early , grab seat mouth watering experience .",Positive
204,42,0,"Thanks to my vegetarian wife, I for the first time in my life went to an expensive hotel that too to eat an all vegetarian meal and now it has become a biweekly event for me and my family.One point that I'd like the management to take care of is, maybe increase the number of chefs who are preparing breads as it becomes quite a chaotic situation when learned people are fighting and snatching paranthas from each other.Thumbs up to the management and the chefs who are the real stars.","thanks vegetarian wife , first time life went expensive hotel eat vegetarian meal become biweekly event family.one point d like management take care , maybe increase number chefs preparing breads becomes quite chaotic situation learned people fighting snatching paranthas other.thumbs management chefs real stars .",Positive
205,42,0,"Keep doing the good job you guys are already doing.Stay happy Stay blessed guys.
",keep good job guys already doing.stay happy stay blessed guys .,Positive
206,43,0,"
It's a very good option in all aspects.the hotel is very good along with the restaurant.",good option aspects.the hotel good along restaurant .,Positive
207,43,0,It's a pure veg hotel with a superb service and staff.,pure veg hotel superb service staff .,Positive
208,43,0,We have also booked this for our sister's wedding function and have come for dinner or lunch for on multiple occasions.,also booked sister wedding function come dinner lunch multiple occasions .,Neutral
209,43,0,"We have always found this superb.
",always found superb .,Positive
210,44,0,"
so gud hospitality, so cool environment, mind relaxing , food owesome, service need to improvement, overall full on paisa vasul
","gud hospitality , cool environment , mind relaxing , food owesome , service need improvement , overall full paisa vasul",Positive
211,45,-1,"
If you are vegetarian and stay in Ghaziabad for business or travel then this heaven for vegetarian peopleGreat dishes with original authentic taste and great varietyI was amazed how a vegetarian 4 star hotel is surviving but whenever I go there this place is busy all the time around the yearGreat place to do year end party with company colleagues if they would like to be veg on 31st Dec.
",vegetarian stay ghaziabad business travel heaven vegetarian peoplegreat dishes original authentic taste great varietyi amazed vegetarian 4 star hotel surviving whenever go place busy time around yeargreat place year end party company colleagues would like veg 31st dec .,Positive
212,46,2,"
Very Good RoomsGreat ServiceGood Vegeterian Food.They serve liquor but no non-veg food.Nice buffet spread...
",good roomsgreat servicegood vegeterian food.they serve liquor non-veg food.nice buffet spread ...,Positive
213,47,0,"
Overall poor in the standards of carlson.No smile reception and takes time to check in.Rooms are ok, but shower is below standards for any star hotel.","overall poor standards carlson.no smile reception takes time check in.rooms ok , shower standards star hotel .",Positive
214,47,0,Rusted hand shower.,rusted hand shower .,Neutral
215,47,0,Poor hot water flow.,poor hot water flow .,Negative
216,47,0,Will take time if real hot water required.Breakfast a large buffet in the basement.,take time real hot water required.breakfast large buffet basement .,Positive
217,47,-1,All veg.,veg .,Neutral
218,47,-1,Only.Dinner again in basement and quite a large buffet but compl.,only.dinner basement quite large buffet compl .,Positive
219,47,0,Quality just average but price is very high.,quality average price high .,Positive
220,47,-1,Not worth it.The whole complex in all areas sounds claustrophobic.,worth it.the whole complex areas sounds claustrophobic .,Negative
221,47,0,"Too much contained specially basement restaurant.Quite noisy in the room and poor sleep quality.Just for a night for business trip was ok ,if we don't get any other near by hotels.","much contained specially basement restaurant.quite noisy room poor sleep quality.just night business trip ok , n't get near hotels .",Positive
222,47,-1,Unable recommend this place due all aforesaid reason.,unable recommend place due aforesaid reason .,Negative
223,47,-1,Not for westerners as no non veg.,westerners non veg .,Neutral
224,47,0,"Food and overall way off quality. 
",food overall way quality .,Neutral
225,48,0,"
Very good for dining.",good dining .,Positive
226,48,0,Excellent food options.,excellent food options .,Positive
227,48,0,"Good ambient,, value for money.","good ambient , , value money .",Positive
228,48,0,"I frequently visit this restaurant for dinner both with family as well as with business partners.
",frequently visit restaurant dinner family well business partners .,Positive
229,49,0,"
The car parking stinksThe room has no minibar items in fridge and then they have audacity to check the minibar upon check out for any consumption.",car parking stinksthe room minibar items fridge audacity check minibar upon check consumption .,Neutral
230,49,0,.The wifi does not work and the wifi person comes after 30 minutes to fix and when couldn't get it working says your phone has a issue.,wifi work wifi person comes 30 minutes fix could n't get working says phone issue .,Neutral
231,49,0,Ok no worries but give me another option .The bedsheet has lipstick stains on them.,ok worries give another option bedsheet lipstick stains .,Positive
232,49,-1,Fine but the second day they forgot to place bath towels.,fine second day forgot place bath towels .,Positive
233,49,0,We came back late at 1 in the night and found out the we have no bath towels.Like i dont mind pointing out the flaws to the Manager the next day morning during check out but there is no way to do that as the Manager is busy with another manager ...All of the above was brought to the notice if night staff in Housekeepingand Reception but if there is no way of organising guest complaints how will you arrest the flaws.,came back late 1 night found bath towels.like dont mind pointing flaws manager next day morning check way manager busy another manager ... brought notice night staff housekeepingand reception way organising guest complaints arrest flaws .,Negative
234,49,2,"..Best of all is 2 cans of RedBull regular size costs INR 818 AILike really......
",..best 2 cans redbull regular size costs inr 818 ailike really ... ...,Positive
235,50,2,"
Very good Vegetarian restaurant has probably the best vegetarian buffet near Delhi Boarder.",good vegetarian restaurant probably best vegetarian buffet near delhi boarder .,Positive
236,50,0,They have different cuisine with a perfect test.,different cuisine perfect test .,Positive
237,50,0,"I am very frequent visitor with my family for dinner.
",frequent visitor family dinner .,Positive
238,51,-1,"
The atmosphere was amazing and cannot forget the tasty meals.Big rooms and very comfortable beds to sleep.
",atmosphere amazing forget tasty meals.big rooms comfortable beds sleep .,Positive
239,52,0,"
We arrived and the front desk staff were just awful did not make us feel welcome at all the rooms are nice food way over priced so if staying there go out to eat and drink they have a nice pool and pool area and the staff at the pool are very helpful
",arrived front desk staff awful make us feel welcome rooms nice food way priced staying go eat drink nice pool pool area staff pool helpful,Positive
240,53,2,"
Its a good place for vegetarian people..Lot of variety n options :)Buffet has lot of vegetarian snacks n main drinks.No option for non veg food in the buffet.Stay is comfortable.Good cakes n pastries.
",good place vegetarian people..lot variety n options : ) buffet lot vegetarian snacks n main drinks.no option non veg food buffet.stay comfortable.good cakes n pastries .,Positive
241,54,-1,"
That's an awsome place specialty at buffet.We had a lot of fun eating different types of food.One must visit there.
",awsome place specialty buffet.we lot fun eating different types food.one must visit .,Positive
242,55,0,"
It was a a nice oyo rooms jaipuria mall society and under cc tv building and everyone styaing staff verry nice and no problem
",nice oyo rooms jaipuria mall society cc tv building everyone styaing staff verry nice problem,Positive
243,56,0,"
We enjoyed visiting Tatwa Restaurant at The Country Inn Sahibabad.",enjoyed visiting tatwa restaurant country inn sahibabad .,Positive
244,56,2,"The pure vegetarian restaurant offers lovely food, cooked to your taste.","pure vegetarian restaurant offers lovely food , cooked taste .",Positive
245,56,0,We asked for a very mild spicy and less oily which was served to our requirement.,asked mild spicy less oily served requirement .,Positive
246,56,2,"Food was delicious.
",food delicious .,Positive
247,57,2,"
This place has probably the best vegetarian buffet in town.",place probably best vegetarian buffet town .,Positive
248,57,0,"They have north Indian , south Indian , continental , loads of Starters , variety of deserts .","north indian , south indian , continental , loads starters , variety deserts .",Neutral
249,57,0,Weather it be chatt or Pizza....dal makhni or dal takda....pasta or salads u will find it here :) The quality of the food is also excellent and you would not be disappointed .,weather chatt pizza ... dal makhni dal takda ... pasta salads u find : ) quality food also excellent would disappointed .,Positive
250,57,0,"For people looking for a veg option , this is the place to go.","people looking veg option , place go .",Neutral
251,57,0,We stayed here for a night and rooms are all right room size is medium but there really isn't a view from the window .,stayed night rooms right room size medium really n't view window .,Positive
252,57,0,Nearby to a couple of malls and easy connectivity to east delhi.,nearby couple malls easy connectivity east delhi .,Positive
253,57,0,"Its in a corner but somehow manages to maintain a decent occupancy.
",corner somehow manages maintain decent occupancy .,Positive
254,58,-1,"
I was here for a couple of days For a wedding..",couple days wedding..,Neutral
255,58,2,I found this place to be comfortable..,found place comfortable..,Positive
256,58,0,"The rooms were spacious, clean and nice..","rooms spacious , clean nice..",Positive
257,58,-1,"Though I had a few minor problems with bathroom fittings and lighting but nothing so big that affected by experience..
",though minor problems bathroom fittings lighting nothing big affected experience..,Negative
258,59,0,"
Its a rare occasion wherein you have a 5 star hotel serving only vegetarian in the menu and that too of so many varieties.it was my second time with a friend and we had a wonderful time..ambiance is nice..since big we can have our own space..staff are courteous always welcoming you with a smile.hospitality is very good.you can spend hours together without any disturbance with unlimited veg food to be consumed.will definitely be back..cost is a bit expensive side for the buffet dinner available but I guess worth the money spent.",rare occasion wherein 5 star hotel serving vegetarian menu many varieties.it second time friend wonderful time..ambiance nice..since big space..staff courteous always welcoming smile.hospitality good.you spend hours together without disturbance unlimited veg food consumed.will definitely back..cost bit expensive side buffet dinner available guess worth money spent .,Positive
259,59,0,"keep up the good service.
",keep good service .,Positive
260,60,-1,"
The Food was just delicious in every sense, the proper presentation of food even made it more mouth watering.","food delicious every sense , proper presentation food even made mouth watering .",Positive
261,60,0,The breakfast buffet was the best I have ever had.,breakfast buffet best ever .,Positive
262,60,0,"The juices and the breads were fresh, the food was tasty, the cakes and other sweets were just the cherry on the cake.","juices breads fresh , food tasty , cakes sweets cherry cake .",Positive
263,60,0,"I would love to visit once more.
",would love visit .,Positive
264,61,0,"
Had a lunch get together on my Kid`s Birthday at Country Inn, Sahibabad.","lunch get together kid`s birthday country inn , sahibabad .",Neutral
265,61,0,64/6 restaurant offers a superb lunch buffer with >40options.. Staff is very friendly and they are quick in service.,64/6 restaurant offers superb lunch buffer > 40options.. staff friendly quick service .,Positive
266,61,0,You can get good bargains on Groupon or other online sites for lunch buffer.,get good bargains groupon online sites lunch buffer .,Positive
267,61,2,"Please keep in mind that this is pure Veg restaurant..
",please keep mind pure veg restaurant..,Positive
268,62,0,"
Have been to this place umpteen times for stay, for functions and for dining.","place umpteen times stay , functions dining .",Neutral
269,62,2,The hotel is a 100% vegetarian place with the basement restaurant serving Buffet with elaborate menu.,hotel 100 % vegetarian place basement restaurant serving buffet elaborate menu .,Positive
270,62,0,"the dishes served are unique in style and preparations.Rooms are well maintained however the noise of weddings and events being held do penetrate into rooms and the amount of human traffic in hotel is amazingly high due to several weddings being hosted in various parts of hotel.
",dishes served unique style preparations.rooms well maintained however noise weddings events held penetrate rooms amount human traffic hotel amazingly high due several weddings hosted various parts hotel .,Positive
271,63,0,"
A very nice place for all staying lovers ,corporate travelers and all sort of funactions can be arranged here.
","nice place staying lovers , corporate travelers sort funactions arranged .",Positive
272,64,0,"
Country Inn at Sahibabad, the only five star vegetarian Hotel in India is a good otel to stay and dine.","country inn sahibabad , five star vegetarian hotel india good otel stay dine .",Positive
273,64,0,The rooms are spacious and nicely done.,rooms spacious nicely done .,Positive
274,64,2,"The food offered in their various restaurants are awesome, delicious and provide a large options in vegetarian meals.","food offered various restaurants awesome , delicious provide large options vegetarian meals .",Positive
275,64,0,One can not get such a large variety of vegetarian meals in any other hotel elsewhere.,one get large variety vegetarian meals hotel elsewhere .,Positive
276,64,0,We enjoyed staying in the hotel while attending one of the wedding.,enjoyed staying hotel attending one wedding .,Positive
277,64,0,All the arrangements by the hotel have been wonderful.,arrangements hotel wonderful .,Positive
278,64,2,"Buffet breakfast in the basement level restaurant was well spread and delicious.
",buffet breakfast basement level restaurant well spread delicious .,Positive
279,65,-1,"
The Place is just average.",place average .,Negative
280,65,0,No view from inside.,view inside .,Neutral
281,65,0,It is ironical that there is no pacca boundrywall on the outside.,ironical pacca boundrywall outside .,Neutral
282,65,0,It is just opposite then what should it be.,opposite .,Neutral
283,65,0,walls are blunt.,walls blunt .,Neutral
284,65,-1,Food average.,food average .,Negative
285,65,0,Service average.,service average .,Negative
286,65,0,Nothing to be excited about.,nothing excited .,Positive
287,65,0,"Only good thing is valet parking.
",good thing valet parking .,Positive
288,66,0,"
One of the best veg food available for the hygiene atmosphere.i lover, , ambience is very nice service has to be improved, clean washrooms.
","one best veg food available hygiene atmosphere.i lover , , ambience nice service improved , clean washrooms .",Positive
289,67,0,"
I have booked via goibibo, got good discount.","booked via goibibo , got good discount .",Positive
290,67,0,stay was cool.Complementary breakfast was buffet.,stay cool.complementary breakfast buffet .,Neutral
291,67,2,"while only Vegetarian restaurant
",vegetarian restaurant,Neutral
292,68,2,"
The food tastes great and even if they offer vegetarian food they offer many varieties in the buffet there are also live corners etc.
",food tastes great even offer vegetarian food offer many varieties buffet also live corners etc .,Positive
293,69,-1,"
The buffet has a wide range of items and the food is nice.",buffet wide range items food nice .,Positive
294,69,0,It is a pure vegetarian hotel so a no non-vegetarian can definitely feel out of way.,pure vegetarian hotel non-vegetarian definitely feel way .,Positive
295,69,-1,But I definitely like it for the taste and quality of veg food.,definitely like taste quality veg food .,Neutral
296,69,0,"The service is also fast and the staff helpful.
",service also fast staff helpful .,Positive
297,70,0,"
Rooms Good, Food OK but only Veg .. Nice propertyPoor customer dealing in case of any differences, unlike 4/5 star Property.Even though the room was pre-booked with full advance payment they insisted on advance money or blocking.While checkout their house keeping found that two BL Whiskey miniature bottles seal was broken and reception wanted to charge to us...we felt unfair as we had nothing to do with it..no vain !Lots of arguments, calling in different level of managers like Duty Manager Vijay Shaswat, Housekeeping Manager Ali, and Amit Singh, they were of no support or any level of understanding.","rooms good , food ok veg .. nice propertypoor customer dealing case differences , unlike 4/5 star property.even though room pre-booked full advance payment insisted advance money blocking.while checkout house keeping found two bl whiskey miniature bottles seal broken reception wanted charge us ... felt unfair nothing it..no vain ! lots arguments , calling different level managers like duty manager vijay shaswat , housekeeping manager ali , amit singh , support level understanding .",Positive
298,70,0,They were singing the synchronized team they check each room before and after guest’s checks in.We finally settled by paying only for one BL Whiskey miniature bottle on the point that a) there could be a human error from hotels end 2) Their request that somebody from staff has to pay for the loss if we don’t pay.,singing synchronized team check room guest’s checks in.we finally settled paying one bl whiskey miniature bottle point ) could human error hotels end 2 ) request somebody staff pay loss don’t pay .,Neutral
299,70,0,"3) We were made to sign on a document stating that we refused pay for one bottle…we did sign but with the statement that we were forced to pay !My suggestions to future travelers:Check bottle seals before you check in to such hotels rooms, ask housekeeping to take back what you don’t need.","3 ) made sign document stating refused pay one bottle…we sign statement forced pay ! suggestions future travelers : check bottle seals check hotels rooms , ask housekeeping take back don’t need .",Negative
300,70,0,Avoid such properties where their managers are not trained or authorized to take out of way decisions.,avoid properties managers trained authorized take way decisions .,Neutral
301,70,0,"Here I faced aggressive or helpless managers, resulted in wastage of time, embarrassment and un-necessary stress.
","faced aggressive helpless managers , resulted wastage time , embarrassment un-necessary stress .",Neutral
302,71,0,"
We went there in December last year.",went december last year .,Neutral
303,71,-1,It's an amazing property by Carlson group of hotels.,amazing property carlson group hotels .,Positive
304,71,0,I felt staff very courteous.,felt staff courteous .,Positive
305,71,0,It felt like all eyes were gazing at Customers to satisfy and engage them.,felt like eyes gazing customers satisfy engage .,Neutral
306,71,-1,It's a beautiful property; the restaurant is very spacious.,beautiful property ; restaurant spacious .,Positive
307,71,0,The buffet at the time of dinner had vast variety of food especially desert.,buffet time dinner vast variety food especially desert .,Neutral
308,71,2,Though hotel served only vegetarian food but the chef had made a few dishes which may fulfill absence of non-vegetarian food.,though hotel served vegetarian food chef made dishes may fulfill absence non-vegetarian food .,Negative
309,71,0,"The music, aroma in hotel lobby and restaurant was nice.","music , aroma hotel lobby restaurant nice .",Positive
310,71,-1,A perfect place.,perfect place .,Positive
311,71,0,"If I ever have an opportunity to visit I will definitely go.
",ever opportunity visit definitely go .,Neutral
312,72,0,"
Many a times I have been to this hotel.",many times hotel .,Positive
313,72,0,I have always found it good in almost every sense.,always found good almost every sense .,Positive
314,72,0,"Good spacious rooms, nice pool , polite staff and good decor.","good spacious rooms , nice pool , polite staff good decor .",Positive
315,72,0,"In spite of being a non-vegetarian, I like this 'perhaps the only vegetarian 5star hotel' .","spite non-vegetarian , like perhaps vegetarian 5star hotel ' .",Neutral
316,72,0,Two changes I noticed this time .,two changes noticed time .,Neutral
317,72,0,The positive change was that the staff has become more efficient to check-in and check out.,positive change staff become efficient check-in check .,Positive
318,72,0,The negative was that they have started charging for the ice buckets.,negative started charging ice buckets .,Negative
319,72,0,Imagine shelving out Rs 275 for a single ice bucket is robbing a person.,imagine shelving rs 275 single ice bucket robbing person .,Negative
320,72,0,"The management must reconsider the decision.
",management must reconsider decision .,Neutral
321,73,0,"
The only reason im giving 4 star is coz its vegeterian hotel else in the price range its perfect hotel to spend time.",reason im giving 4 star coz vegeterian hotel else price range perfect hotel spend time .,Positive
322,73,0,"The pool side reasturant is really beautiful and rooms are really spacious
",pool side reasturant really beautiful rooms really spacious,Positive
323,74,0,"
Food was good but when we informed about more salt in pasta dish they started arguing to the extent that Chef came out and bugged us till we were at the exit to change the review.
",food good informed salt pasta dish started arguing extent chef came bugged us till exit change review .,Positive
324,75,-1,"
I am a vegan turn around from a non veg.",vegan turn around non veg .,Neutral
325,75,0,"My choice of meals in most of the hotels, restaurants,dhabas had gone limited.The gravies used to be almost same for similar type dishes i.e.","choice meals hotels , restaurants , dhabas gone limited.the gravies used almost similar type dishes i.e .",Positive
326,75,0,"Shahi paneer and malai kofta, dum aloo kashmiri and subz navratan and so on so forth.","shahi paneer malai kofta , dum aloo kashmiri subz navratan forth .",Neutral
327,75,2,"The buffet spread was almost common all the places, 4 to 7 dishes almost same in most of the places till by mistake i tried 64/6 the concept of eating changed to drooling tounge tasty tasty and tasty the only perfect vegan delight starting from chaat to salads (amazing creations) to mughlai, south indian thai chinese sorry could not eat any more tried pasta snacks to be precise repented why god made my hanging pot belly so small......over all a vegans delight .....","buffet spread almost common places , 4 7 dishes almost places till mistake tried 64/6 concept eating changed drooling tounge tasty tasty tasty perfect vegan delight starting chaat salads ( amazing creations ) mughlai , south indian thai chinese sorry could eat tried pasta snacks precise repented god made hanging pot belly small ... ... vegans delight ... ..",Positive
328,75,-1,"Try for once to undermine my taste buds
",try undermine taste buds,Neutral
329,76,0,"
This i think is the only 5 star vegetarian hotel probably in the country the quality of food is simply mouthwatering .I would recommend it to all food lovers .
",think 5 star vegetarian hotel probably country quality food simply mouthwatering would recommend food lovers .,Neutral
330,77,-1,"
I am not a vegetarian .",vegetarian .,Neutral
331,77,0,But i have dined in their buffet lobby and as well as in alacart zone .,dined buffet lobby well alacart zone .,Neutral
332,77,2,Punjabi food during punjabi food festival aloo gobi was definitely different and i enjoyed .,punjabi food punjabi food festival aloo gobi definitely different enjoyed .,Positive
333,77,1,In buffet section you have ample of variety right from starters to main course sweet dishes were limited .,buffet section ample variety right starters main course sweet dishes limited .,Positive
334,77,0,"If you really have to vegetarian guest with whom you want to dine country inn is the right place .
",really vegetarian guest want dine country inn right place .,Positive
335,78,0,"
Went there for buffet dinner last week with family.",went buffet dinner last week family .,Neutral
336,78,-1,The buffet that you will find here has a lot to offer in terms of variety in your budget.,buffet find lot offer terms variety budget .,Neutral
337,78,0,Ranging from street food to snacks to main course it has every possible thing you can think of.,ranging street food snacks main course every possible thing think .,Positive
338,78,0,"Sugarcane juice was something that i personally liked.It is an all vegetarian buffet so be prepared.Just one thing that i did not like was that there should have been more in the main course.otherwise a good deal nad good place for family outings.
",sugarcane juice something personally liked.it vegetarian buffet prepared.just one thing like main course.otherwise good deal nad good place family outings .,Positive
339,79,2,"
Amazing food especially the chocolate chip muffins and deserts .",amazing food especially chocolate chip muffins deserts .,Positive
340,79,0,Sambhar was a bit tasteless but overall I must say to give 4/5 ratings.,sambhar bit tasteless overall must say give 4/5 ratings .,Negative
341,79,2,"Extra points for hospitality and cleanliness too...
",extra points hospitality cleanliness ...,Neutral
342,80,0,"
I celebrated by Parents 50th weddeing annuversary, it was wonderfull experience at Country Inn, It was beautifully decorated, & touching ambience.
","celebrated parents 50th weddeing annuversary , wonderfull experience country inn , beautifully decorated , & touching ambience .",Positive
343,81,0,"
It is a big property with near to NCR.Have good arrangement for the corporates.You will get only veg food here.
",big property near ncr.have good arrangement corporates.you get veg food .,Positive
344,82,0,"
I am a regular visitor to country inn.",regular visitor country inn .,Neutral
345,82,-1,The hotel serves only vegetarian food.,hotel serves vegetarian food .,Neutral
346,82,0,Staff only responds when called upon.,staff responds called upon .,Neutral
347,82,-1,Taste of food is good.,taste food good .,Positive
348,82,-1,Breakfast range is huge variety.,breakfast range huge variety .,Positive
349,82,0,"Will recommend if visiting for lunch and dinner order a-la-carte.
",recommend visiting lunch dinner order a-la-carte .,Neutral
350,83,0,"
From the name, one expects a lot from the Carlson chain.The Country Inn & Suites at Sahibabad is run as a franchise for the original chain, and apart from looks, little else falls within the standards of the chain.To start with, rooms are barely kept-up.","name , one expects lot carlson chain.the country inn & suites sahibabad run franchise original chain , apart looks , little else falls within standards chain.to start , rooms barely kept-up .",Positive
351,83,0,"Housekeeping could be better trained in their standards.Food is monotonous (the fare is almost the same everyday; even though the buffet is an expansive spread), and for those that prefer meats, stay away - the cuisine here is starkly vegetarian (because the owner prohibits it).","housekeeping could better trained standards.food monotonous ( fare almost everyday ; even though buffet expansive spread ) , prefer meats , stay away - cuisine starkly vegetarian ( owner prohibits ) .",Positive
352,83,0,"One can't even get a non-veg pizza delivered from the neighbouring facility!While the concierge and management is courteous, the ambience maintained at the hotel is average.Would not like to suggest a stay here unless accommodation is JUST NOT AVAILABLE anywhere else.
","one ca n't even get non-veg pizza delivered neighbouring facility ! concierge management courteous , ambience maintained hotel average.would like suggest stay unless accommodation available anywhere else .",Positive
353,84,2,"
Hiii... friends...",hiii ... friends ...,Neutral
354,84,1,This Hotel is totally value for money... Worth staying in this property.,hotel totally value money ... worth staying property .,Positive
355,84,-1,Paradise for Vegetarian people.,paradise vegetarian people .,Neutral
356,84,1,"U can enjoy weekends n holidays wid ur friends n Family..
",u enjoy weekends n holidays wid ur friends n family..,Positive
357,85,-1,"
When we went to the restaurant we didn't knew that it 100% vegetarian.",went restaurant n't knew 100 % vegetarian .,Neutral
358,85,0,We had dinner buffet and the variety was huge.,dinner buffet variety huge .,Positive
359,85,0,Right from the starters to the main course every thing tasted well.,right starters main course every thing tasted well .,Positive
360,85,-1,my personal favorite was the dessert area.,personal favorite dessert area .,Positive
361,85,0,The ambiance was wonderful.,ambiance wonderful .,Positive
362,85,0,"All-together its a good decent place to go with family.
",all-together good decent place go family .,Positive
363,86,0,"
30 minutes for check in15 mn for check outWhen you have few hours to sleep it is a nightmare.",30 minutes check in15 mn check outwhen hours sleep nightmare .,Negative
364,86,0,"Crew members at looby obviously don't know words as ""hello"", ""please"",""thank you"".
","crew members looby obviously n't know words `` hello '' , `` please '' , '' thank '' .",Neutral
365,87,2,"
it is a good restaurant with very huge n good spread ...the only negative point it is that it is a only veg restaurant.so those who likes non veg it must b disappointing....otherise food here is very good......word of caution :- Ghaziabad IS NOT SAFE PLACE SO ANYBODY especially women n foreign nationals shall take extra care before coming here.hotel premises are safe but once u go out on roads its not safe...chain & purse snatching is very common in broad daylite & aftersunset avoid travelling by autos .
",good restaurant huge n good spread ... negative point veg restaurant.so likes non veg must b disappointing ... otherise food good ... ... word caution : - ghaziabad safe place anybody especially women n foreign nationals shall take extra care coming here.hotel premises safe u go roads safe ... chain & purse snatching common broad daylite & aftersunset avoid travelling autos .,Positive
366,88,0,"
I have stayed in july at hotel.",stayed july hotel .,Neutral
367,88,0,Behavior of reception staff is very rude.,behavior reception staff rude .,Negative
368,88,0,Secondly if there is any foreigners are sitting there then they will not give you time to hear you .,secondly foreigners sitting give time hear .,Neutral
369,88,0,"If you are late by 5 mintue in restaurant , and even you had requested to manager to provide food , they will rudely deny .","late 5 mintue restaurant , even requested manager provide food , rudely deny .",Negative
370,88,0,"Very bad experience.
",bad experience .,Negative
371,89,0,"
Very slow service for alacart order.",slow service alacart order .,Negative
372,89,-1,We kept waiting for chapaties and all food turned cold.,kept waiting chapaties food turned cold .,Negative
373,89,0,And we got tired of waiting for chapaties.,got tired waiting chapaties .,Negative
374,89,0,Had to cancel order in between coz service was pathetic.,cancel order coz service pathetic .,Negative
375,89,0,"Not at all a good experience.
",good experience .,Positive
376,90,0,"
Strategically located, near Vaishali Metro Station & Nearby malls.","strategically located , near vaishali metro station & nearby malls .",Positive
377,90,0,convenient to reach for visitors outside the city or country.,convenient reach visitors outside city country .,Neutral
378,90,0,Spacious lobby & reception.,spacious lobby & reception .,Neutral
379,90,0,While you are sitting at cafe or lounge you get amalgamated lively and peaceful feeling.,sitting cafe lounge get amalgamated lively peaceful feeling .,Positive
380,90,0,"Sharing a recent visit, I socialized with my friend for mere Rs.","sharing recent visit , socialized friend mere rs .",Negative
381,90,0,"1000 as they have happy hours from 2100 to 2300, so do the maths.The best thing I liked about the hotel was that it's cafe is open 24x7.
","1000 happy hours 2100 2300 , maths.the best thing liked hotel cafe open 24x7 .",Positive
382,91,0,"
Went last weekend with friends for dinner (buffet).",went last weekend friends dinner ( buffet ) .,Neutral
383,91,0,Paid nearly 1300 (with taxes) for each person.The gol gappas were okay for starters.,paid nearly 1300 ( taxes ) person.the gol gappas okay starters .,Positive
384,91,0,"But, after that it was down hill.",", hill .",Negative
385,91,-1,None of the things that we tried had a taste that lingered on or we remembered afterwards.,none things tried taste lingered remembered afterwards .,Neutral
386,91,-1,We tried most things but the taste was passable.,tried things taste passable .,Positive
387,91,0,"The number of things was quite high, if one includes the 10 types of pickles and the murabbas that they had.","number things quite high , one includes 10 types pickles murabbas .",Positive
388,91,0,"But, then quantity and quality should go hand in hand.Probably it's the Ghaziabad effect.",", quantity quality go hand hand.probably ghaziabad effect .",Neutral
389,91,0,"For the same price, one gets better quality in South Delhi.One thing to note is this place is 100 % vegetarian.","price , one gets better quality south delhi.one thing note place 100 % vegetarian .",Positive
390,91,2,Commendable indeed !,commendable indeed !,Neutral
391,91,0,"And, the restaurant was full, Saturday evening.
",", restaurant full , saturday evening .",Positive
392,92,0,"
The Hotel is situated on good location.Specious party hall,excellent food,good service.Strongly recommended.
","hotel situated good location.specious party hall , excellent food , good service.strongly recommended .",Positive
393,93,0,"
I stayed in the hotel for a week and enjoyed the stay.",stayed hotel week enjoyed stay .,Positive
394,93,2,Especially the pure vegetarian food.,especially pure vegetarian food .,Positive
395,93,0,They provide a good package with three meals.,provide good package three meals .,Positive
396,93,2,The buffet in the restaurant is nicely spread with almost hundreds of varieties.,buffet restaurant nicely spread almost hundreds varieties .,Positive
397,93,2,All vegetarian food.,vegetarian food .,Neutral
398,93,0,The room is nicely done up with good service.,room nicely done good service .,Positive
399,93,0,The swimming pool & spa is worth using.,swimming pool & spa worth using .,Positive
400,93,0,"Overall a good hotel to choose.
",overall good hotel choose .,Positive
401,94,0,"
Though I haven't been to the place too often but attended few marriages which were chaotic.",though n't place often attended marriages chaotic .,Negative
402,94,0,The food was OK and the ambience was just like a normal banquet hall.,food ok ambience like normal banquet hall .,Positive
403,94,-1,The food served was not at appropriate temperature and was towards a sweeter side.,food served appropriate temperature towards sweeter side .,Positive
404,94,2,"Maybe I am more used to punjabi spicy food full of garlic and this place serves pure vegetarian food.
",maybe used punjabi spicy food full garlic place serves pure vegetarian food .,Positive
405,95,0,"
Place is a good in all aspects similar to most 4 star properties.",place good aspects similar 4 star properties .,Positive
406,95,2,The reason for the average tag in food is not that the quality is poor but that the hotel Is fully veg and no non Veg food is served.,reason average tag food quality poor hotel fully veg non veg food served .,Negative
407,95,0,The hotel does not have a bar and does not serve hard drinks (some time back).,hotel bar serve hard drinks ( time back ) .,Negative
408,95,-1,"Is a great place over all and with a slight reduction in prices would do well
",great place slight reduction prices would well,Positive
409,96,-1,"
At 3500 for room is more than value for money property in East Delhi.",3500 room value money property east delhi .,Positive
410,96,0,"Restaurant Tatva serves fine veg cuisine, bare with late table service.
","restaurant tatva serves fine veg cuisine , bare late table service .",Positive
411,97,0,"
I have never seen these much of varities for Vegeterians.",never seen much varities vegeterians .,Positive
412,97,0,Food is of excellent quanlity.,food excellent quanlity .,Positive
413,97,0,The ambience was very graceful.,ambience graceful .,Positive
414,97,0,You can't stop yourself once you enter the restaurant.,ca n't stop enter restaurant .,Neutral
415,97,-1,Explore the dishes.,explore dishes .,Neutral
416,97,0,"The chats, desserts.","chats , desserts .",Neutral
417,97,0,"ice creams, OMG....
","ice creams , omg ... .",Neutral
418,98,-1,"
I have been to this place several times and mostly go to fine dining restaurant Tatva.",place several times mostly go fine dining restaurant tatva .,Positive
419,98,-1,Atmosphere and décor of this restaurant is worse than a Three Star restaurant.,atmosphere décor restaurant worse three star restaurant .,Negative
420,98,0,Food is good.,food good .,Positive
421,98,0,Dahi kababs that we ordered were liked by everyone.,dahi kababs ordered liked everyone .,Positive
422,98,0,Tomato Shorba was not served hot and lacked authenticity.,tomato shorba served hot lacked authenticity .,Positive
423,98,0,"Though most main dishes were good, rice was not properly cooked.","though main dishes good , rice properly cooked .",Positive
424,98,2,Best item on the menu is Rose Kheer!!!,best item menu rose kheer ! ! !,Positive
425,98,0,"Made of rose petals, this is unique and specialty here.","made rose petals , unique specialty .",Positive
426,98,-1,"Just too good!
",good !,Positive
427,99,0,"
The restaurant serves mind boggling variety of vegetarian food.We had opted for the lunch buffet.There was so much variety that we were unable to taste all the dishes.Right from the juices live counters of starters,South Indian,NorthIndian,continental Chinese amazing variety and lots and lots of sweets.On the whole a lovely gastronomic experience for us vegetarians!
","restaurant serves mind boggling variety vegetarian food.we opted lunch buffet.there much variety unable taste dishes.right juices live counters starters , south indian , northindian , continental chinese amazing variety lots lots sweets.on whole lovely gastronomic experience us vegetarians !",Positive
428,100,0,"
We went to this hotel to have lunch.",went hotel lunch .,Neutral
429,100,0,It was buffet lunch and pure veg also.,buffet lunch pure veg also .,Positive
430,100,2,We were amazed to see so much of varieties in veg food and the food was delicious.,amazed see much varieties veg food food delicious .,Positive
431,100,0,Staff is very courteous.,staff courteous .,Positive
432,100,0,My son wants to go again.,son wants go .,Positive
433,100,0,"We will definitely visit the hotel and have food again.
",definitely visit hotel food .,Neutral
434,101,0,"
I would rate this place to be one of the best eating joints for vegetarians in NCR.",would rate place one best eating joints vegetarians ncr .,Positive
435,101,0,"LotS of variety, nice ambiance, very fair price and good service.","lots variety , nice ambiance , fair price good service .",Positive
436,101,0,"It may be inconveniently located, but worthwhile visiting for family outing or get together.
","may inconveniently located , worthwhile visiting family outing get together .",Negative
437,102,0,"
First time I had been there about 6-7 years back and then been there many more times.",first time 6-7 years back many times .,Positive
438,102,2,One place heaven for vegetarian people.,one place heaven vegetarian people .,Neutral
439,102,-1,Even i being a hard-core non-vegetarian couldn't resist to over eat.,even hard-core non-vegetarian could n't resist eat .,Neutral
440,102,1,140 to 150 dishes under one roof.,140 150 dishes one roof .,Neutral
441,102,-1,"Each one better than the other.
",one better .,Positive
442,103,0,"
this seems to be one of the best and busiest hotel in the area with decent price range, near to metro.","seems one best busiest hotel area decent price range , near metro .",Positive
443,103,0,Rooms are spacious and clean with clean carpets and as expected interiors.,rooms spacious clean clean carpets expected interiors .,Positive
444,103,2,Dinner and breakfast buffet being a vegetarian place is what you just cant expect.,dinner breakfast buffet vegetarian place cant expect .,Neutral
445,103,0,Am sure u'll not miss your fav.,sure u ll miss fav .,Positive
446,103,-1,Non veg recipies here.,non veg recipies .,Neutral
447,103,0,Wifi is complimentary and quite okay.,wifi complimentary quite okay .,Positive
448,103,0,Room service is a bit slow but there's no actual point where i can complain.,room service bit slow actual point complain .,Negative
449,103,0,"Strongly recommended.
",strongly recommended .,Positive
450,104,0,"
Its located near vaishali, sahibabad industrial area.","located near vaishali , sahibabad industrial area .",Positive
451,104,0,Its a nice place for dinner or having a party.,nice place dinner party .,Positive
452,104,-1,100% veg.,100 % veg .,Neutral
453,104,0,Staff is nice.,staff nice .,Positive
454,104,-1,Buffet is awesome.,buffet awesome .,Positive
455,104,0,It is a bit pricey.,bit pricey .,Neutral
456,104,0,"Good place for family dinner.
",good place family dinner .,Positive
457,105,0,"
You may have travelled across India and may have tried various cuisines but unless you tru the Dinner Buffet here you have still not tried the best there is.",may travelled across india may tried various cuisines unless tru dinner buffet still tried best .,Positive
458,105,0,This is our fav family hangout when we want to have vegetarian only.,fav family hangout want vegetarian .,Neutral
459,105,0,The Menu is different all the time and service impeccable.,menu different time service impeccable .,Positive
460,105,0,"Booking a table in advance is recommended.
",booking table advance recommended .,Neutral
461,106,0,"
The hotel is one of the best in ghaziabad.",hotel one best ghaziabad .,Positive
462,106,0,Best part is spacious rooms.,best part spacious rooms .,Positive
463,106,-1,Excellent food in terms of food variety.,excellent food terms food variety .,Positive
464,106,0,Very good service.,good service .,Positive
465,106,0,"Only negative is that it is a vegetarian hotel and if you have work in delhi mostly then it's little far off from delhi u can waste lot of time travelling to delhi
",negative vegetarian hotel work delhi mostly little far delhi u waste lot time travelling delhi,Negative
466,107,0,"
A good place for a nice evening with good food and good ambience we had dinner in tatva and the gathering was almost 13 people and had really good time with good arrangement and nice food
",good place nice evening good food good ambience dinner tatva gathering almost 13 people really good time good arrangement nice food,Positive
467,108,0,"
Its one of the best 5 star veg food, covers North, South, Punjabi, Breads.","one best 5 star veg food , covers north , south , punjabi , breads .",Positive
468,108,0,"Dhal Makhani, Jamun are one of the flagship food products.","dhal makhani , jamun one flagship food products .",Neutral
469,108,0,They also serve alcohol which is optional for visitor and has to pay for it.,also serve alcohol optional visitor pay .,Neutral
470,108,0,"Ambiance is quite ok if not very good
",ambiance quite ok good,Positive
471,109,0,"
Though being in the city of Ghaziabad, hotel lives up to its name.","though city ghaziabad , hotel lives name .",Neutral
472,109,-1,The ambience from the entrance to the dining area (one of the restaurants) is beautiful.We opted for a buffet meal for six people.,ambience entrance dining area ( one restaurants ) beautiful.we opted buffet meal six people .,Neutral
473,109,0,The food tasted really good and the delicacies were of huge variety.,food tasted really good delicacies huge variety .,Positive
474,109,0,"The pudding, the cakes, everything made up for a good treat for the taste buds as the meal ended.In all, a good experience.
","pudding , cakes , everything made good treat taste buds meal ended.in , good experience .",Positive
475,110,0,"
Excellent food - the buffet is world class and totally vegetarian, perfect for me :)Excellent rooms, clean with good staff to help you.Excellent outdoor bar with tons of atmosphere.Terrible noise control from the excellent bar, made sleeping very difficult.Terrible wifi as well.
","excellent food - buffet world class totally vegetarian , perfect : ) excellent rooms , clean good staff help you.excellent outdoor bar tons atmosphere.terrible noise control excellent bar , made sleeping difficult.terrible wifi well .",Positive
476,111,0,"
We went with family for a post Diwali lunch.",went family post diwali lunch .,Neutral
477,111,0,The variety there was mind boggling and across cuisines from Indian to Italian to Chinese.,variety mind boggling across cuisines indian italian chinese .,Neutral
478,111,-1,At the same time food items from salad/snacks/main course all around were tasty which is normally not the case if you have such a big spread.,time food items salad/snacks/main course around tasty normally case big spread .,Negative
479,111,0,"With good ambiance, food was thoroughly enjoyable.","good ambiance , food thoroughly enjoyable .",Positive
480,111,0,"We had some pure non veg people in the group, who normally do not enjoy as much in place like this, ended up tasting and appreciating large part of buffet.","pure non veg people group , normally enjoy much place like , ended tasting appreciating large part buffet .",Positive
481,111,1,"However only are of improvement could be the desserts section which could improve in variety and taste.Overall worth of money spent
",however improvement could desserts section could improve variety taste.overall worth money spent,Positive
482,112,0,"
This star hotel offers only Vegetarian food.",star hotel offers vegetarian food .,Positive
483,112,-1,This is served as unlimited buffet over a large dining area at -1 level of the lobby.,served unlimited buffet large dining area -1 level lobby .,Positive
484,112,0,"As you go down the stairs you would hit the traditional Indian snacks Pani-Puri, Papdi Chat, Tikki etc.","go stairs would hit traditional indian snacks pani-puri , papdi chat , tikki etc .",Negative
485,112,0,"One corner of the restaurant serves all sorts of south Indian & Continental dishes, Starters, Juices, Ice-creams, soda etc.","one corner restaurant serves sorts south indian & continental dishes , starters , juices , ice-creams , soda etc .",Neutral
486,112,-1,One side is loaded with different sorts of Sweets.,one side loaded different sorts sweets .,Neutral
487,112,0,"You would have a choice more than 50 different types of Indian & western sweets, other side of restaurant you can dig into different vegetables cooked in different Indian styles, Vegetarian Chinese cuisines if you have taste for it.","would choice 50 different types indian & western sweets , side restaurant dig different vegetables cooked different indian styles , vegetarian chinese cuisines taste .",Positive
488,112,0,You would have choice of more than one dozens different salads and Indian breads are served hot from the oven.,would choice one dozens different salads indian breads served hot oven .,Positive
489,112,1,You can try anything in any quantity till you wish to try something else.,try anything quantity till wish try something else .,Neutral
490,112,1,One person cannot even try one fourth of dishes even he/she take one spoon of food from the variety served.,one person even try one fourth dishes even he/she take one spoon food variety served .,Neutral
491,112,-1,The food is cooked very well and is delicious to eat.,food cooked well delicious eat .,Positive
492,112,0,You would just love the place for the variety it offers.,would love place variety offers .,Positive
493,112,0,The place is normally full during the meals time.,place normally full meals time .,Positive
494,112,0,The support staff who have to maintain the tables are not quick to clean the tables.,support staff maintain tables quick clean tables .,Positive
495,112,1,You can see many tables with dishes even after guests have left.,see many tables dishes even guests left .,Positive
496,112,2,Since the place is large you can look for spare table to sit and enjoy your food.,since place large look spare table sit enjoy food .,Positive
497,112,2,The food is costing more than Rs 1400 per person which is slightly steep however this is a place where you get almost all types of Vegetarian dishes of India.,food costing rs 1400 per person slightly steep however place get almost types vegetarian dishes india .,Positive
498,112,2,"Place is worth trying for an excellent Vegetarian meal.
",place worth trying excellent vegetarian meal .,Positive
499,113,2,"
Overwhelmed by the lavish spread .The lunch buffet was awesome.Its an all vegetarian buffet, very rare .The food was delicious .","overwhelmed lavish spread lunch buffet awesome.its vegetarian buffet , rare food delicious .",Positive
500,113,0,"Worth every rupee.
",worth every rupee .,Positive
501,114,0,"
Visited last week for dinner.",visited last week dinner .,Neutral
502,114,0,"As soon as we exited our car in the portico, we were hit by a foul smell in the air.","soon exited car portico , hit foul smell air .",Neutral
503,114,0,Came to know that a drain passes just across the hotel frontage.,came know drain passes across hotel frontage .,Neutral
504,114,0,The hotel cannot do anything about it.We went straight to tatva for dinner.,hotel anything it.we went straight tatva dinner .,Positive
505,114,0,"Ordered Dahi ke kebab which were soft as they should be, But nothing extraordinary with the taste.","ordered dahi ke kebab soft , nothing extraordinary taste .",Positive
506,114,0,They we had rissimissi rajma and mixed veggies.,rissimissi rajma mixed veggies .,Neutral
507,114,0,alongwith standard breads.,alongwith standard breads .,Neutral
508,114,0,"Nothing much to write about the tastes !The waiters were available on call, no issues with that.","nothing much write tastes ! waiters available call , issues .",Positive
509,114,0,Asked for change of vinergared onions which they changed to ringed onions.,asked change vinergared onions changed ringed onions .,Neutral
510,114,0,No complaints with that.,complaints .,Neutral
511,114,0,"The prices were okay, not exorbitant.","prices okay , exorbitant .",Positive
512,114,0,"But, yes, expectations about the quality were not met, fully.
",", yes , expectations quality met , fully .",Neutral
513,115,0,"
I had come to this hotel with my wife with an intention to dine out.",come hotel wife intention dine .,Neutral
514,115,-1,Her preference is non-veg meal if we are to dine out.,preference non-veg meal dine .,Neutral
515,115,0,"But, to her disappointment this starred hotel served only vegetarian food.",", disappointment starred hotel served vegetarian food .",Negative
516,115,2,But her disappointment was soon to turn into a pleasant surprise as we were served some real homely food that was appeasing to the taste and yet light on the stomach.,disappointment soon turn pleasant surprise served real homely food appeasing taste yet light stomach .,Positive
517,115,0,"We are now a regular to this hotel that also offers veg buffet.
",regular hotel also offers veg buffet .,Positive
518,116,0,"
THis is a only 5 star rated property in NCR having Pure Veg.",5 star rated property ncr pure veg .,Positive
519,116,0,Food quality is good.,food quality good .,Positive
520,116,0,"Pool side restaurant ambience is very good and one can enjoy with family.
",pool side restaurant ambience good one enjoy family .,Positive
521,117,2,"
During the festive period it's very hard for non vegetarian animals like me to find a decent place to eat and a vegetarian option has never appealed .....till we went to celebrate my wife's birthday just last night.",festive period hard non vegetarian animals like find decent place eat vegetarian option never appealed ... ..till went celebrate wife birthday last night .,Negative
522,117,-1,Could not wait to write a review as despite my apprehensions earlier...,could wait write review despite apprehensions earlier ...,Neutral
523,117,2,"I fell in love with great ambience, customer care culture...and great food.","fell love great ambience , customer care culture ... great food .",Positive
524,117,2,We chose the buffet restaurant and were amazed at the choice of food.. Italian..Chinese..indian..and European food in only vegetarian options shocked me in a pleasant way.,chose buffet restaurant amazed choice food.. italian..chinese..indian..and european food vegetarian options shocked pleasant way .,Positive
525,117,2,It's very rare that veg food surprises me... And I must say I didn't even miss my usual non veg delights.. A must try for all...,rare veg food surprises ... must say n't even miss usual non veg delights.. must try ...,Positive
526,117,-1,I rate it a total 5* experience...,rate total 5* experience ...,Neutral
527,117,0,"Restaurant manager was extremely courteous.
",restaurant manager extremely courteous .,Positive
528,118,2,"
We went for the celebration of my birthday in the restaurant there... TATVA... food is amazing, service is brilliant, ambiance is awesome... smiling faces of the staff adds to the hospitality and gives a feel good factor in eating...
","went celebration birthday restaurant ... tatva ... food amazing , service brilliant , ambiance awesome ... smiling faces staff adds hospitality gives feel good factor eating ...",Positive
529,119,0,"
I booked four rooms at the hotel, and had the most terrible experience.","booked four rooms hotel , terrible experience .",Negative
530,119,-1,I was woken up at 7.00 AM in the morning asking to vacate the room!,woken 7.00 morning asking vacate room !,Neutral
531,119,0,"I had paid for full in advance?Checkout time is supposed to be 11.00 AM, so why would I be vacating the room at 7.00 AM?","paid full advance ? checkout time supposed 11.00 , would vacating room 7.00 ?",Positive
532,119,-1,"And why should I wake up at 7.00AM in the morning?
",wake 7.00am morning ?,Neutral
533,120,0,"
I was there on my wedding anniversary dinner.",wedding anniversary dinner .,Neutral
534,120,0,It was pool side very nice ambiance.,pool side nice ambiance .,Positive
535,120,-1,Food we ordered was not up to the mark.,food ordered mark .,Neutral
536,120,0,We complain to the manager that food is un-cooked.,complain manager food un-cooked .,Neutral
537,120,0,"which we were not able to eat.So i will vote only for Ambiance.
",able eat.so vote ambiance .,Negative
538,121,0,"
I visit here for celebrating my son birthday They people are increasing the rates every time and decreasing the food content in buffe menu as they have limited amount of fruits same menu repeats every time I didn't find any change in menu since last 3 years ice cream flavours are only 5 earlier they were 15 and excuse was that refrigerator is not working is this happens in 5 starPrices are 2800 for two with taxes please think and then go
",visit celebrating son birthday people increasing rates every time decreasing food content buffe menu limited amount fruits menu repeats every time n't find change menu since last 3 years ice cream flavours 5 earlier 15 excuse refrigerator working happens 5 starprices 2800 two taxes please think go,Negative
539,122,-1,Awesome food .. Great service ..a great combination of North Indian and Chinese cuisine .,awesome food .. great service ..a great combination north indian chinese cuisine .,Positive
540,122,1,One has to try the chilly garlic chicken noodles .,one try chilly garlic chicken noodles .,Negative
541,122,0,#foodtodiefor#foodporn#foodgasm#come to try the Chinese and I can bet you will come here every time,# foodtodiefor # foodporn # foodgasm # come try chinese bet come every time,Neutral
542,123,-1,"Good, tasty and amazing food.","good , tasty amazing food .",Positive
543,123,0,quality of food is high quality of service and .,quality food high quality service .,Positive
544,123,2,Food the yummilicious food :-),food yummilicious food : - ),Positive
545,124,0,Really Loved Chicken Achari Rolls .,really loved chicken achari rolls .,Positive
546,125,0,"From the cutlet to pastry, from the dessert to the main course, the food is as delicious as it looks and is worth every penny spent.","cutlet pastry , dessert main course , food delicious looks worth every penny spent .",Positive
547,125,0,Not to miss.,miss .,Neutral
548,125,1,This place is worth a try.,place worth try .,Positive
549,125,0,Or twice.,twice .,Neutral
550,125,-1,Or even more than that.,even .,Positive
551,126,1,Really amazing north Indian n Chinese cuisine... One has to try out Alisha's kitchen for mouth watering and delicious dishes.,really amazing north indian n chinese cuisine ... one try alisha kitchen mouth watering delicious dishes .,Positive
552,126,2,Alisha's kitchen... definitely worth a try...thumbs up!,alisha kitchen ... definitely worth try ... thumbs !,Positive
553,127,2,Food is anonymously tasty!,food anonymously tasty !,Neutral
554,127,0,.. Cant expect better.,.. cant expect better .,Positive
555,128,2,The foood is awesommmee.... from the taste to its presentation.... it is just amazing!,foood awesommmee ... . taste presentation ... . amazing !,Positive
556,128,0,Way to go Alisha's Kitchen... :),way go alisha kitchen ... : ),Positive
557,129,2,amazingggggggggggggggg food!,amazingggggggggggggggg food !,Neutral
558,130,2,"The chicken fry and achari chicken are worth the buck , totally scrumptious and a feast for treat ..... Great experience !","chicken fry achari chicken worth buck , totally scrumptious feast treat ... .. great experience !",Positive
559,131,2,Great food at reasonable prices..,great food reasonable prices..,Positive
560,131,2,Especially for students ...,especially students ...,Neutral
561,132,2,Good tasty food & also very reasonable.!!,good tasty food & also reasonable. ! !,Positive
562,132,2,Thumbs Up!!,thumbs ! !,Neutral
563,132,0,:D :),: d : ),Positive
564,133,-1,Amazingly fantastical food.,amazingly fantastical food .,Positive
565,133,0,I ordered  for chilli garlic chicken chowein and chicken Manchurian.,ordered chilli garlic chicken chowein chicken manchurian .,Negative
566,133,0,Was really satisfied with Quality of food.,really satisfied quality food .,Positive
567,133,0,I Took away my order and found dat the area where the food was being good looked clean n hygienic.,took away order found dat area food good looked clean n hygienic .,Positive
568,133,2,Thumbs up to alisha's  kitchen for providing delicious food hygienically.,thumbs alisha kitchen providing delicious food hygienically .,Positive
569,134,2,Amazing food...quality and quantity is fab....specially tandoori items and butter chicken....great job Mr owner....,amazing food ... quality quantity fab ... specially tandoori items butter chicken ... great job mr owner ... .,Positive
570,135,0,Indian food too good :),indian food good : ),Positive
571,136,2,Amazing food must try.... Clean and hygienic... Love the taste....  Good quality... Rolls r amazing...,amazing food must try ... . clean hygienic ... love taste ... . good quality ... rolls r amazing ...,Positive
572,137,-1,Try Chilli garlic chili chicken chowmein .,try chilli garlic chili chicken chowmein .,Negative
573,137,-1,Its simply amazing .,simply amazing .,Positive
